{"pos":[{"x":-0.5,"y":-0.5,"z":-3.0616168E-17},{"x":0.5,"y":-0.5,"z":-3.0616168E-17},{"x":-0.5,"y":0.5,"z":3.0616168E-17},{"x":0.5,"y":0.5,"z":3.0616168E-17}],"tris":[0,3,1,3,0,2]}